"Status","Start Time","Stop Time","Duration in ms","Parent Suite","Suite","Sub Suite","Test Class","Test Method","Name","Description"
"passed","Thu May 04 09:53:05 MSK 2023","Thu May 04 09:53:39 MSK 2023","34349","","ru.gasworkers.dev.tests.registration.bgClientRegistration.MaintenanceBGRegistrationTest","","ru.gasworkers.dev.tests.registration.bgClientRegistration.MaintenanceBGRegistrationTest","bgRegistrationPhoneMaintenance","Фоновая Регистрация на ТО с указанием телефона и почты на сегодняшнюю дату с одним оборудованием",""
"failed","Thu May 04 10:01:26 MSK 2023","Thu May 04 10:01:42 MSK 2023","15590","","ru.gasworkers.dev.tests.registration.usualRegistration.usualClientRegistration.CredentialsValidationUsualClientRegistrationTest","","ru.gasworkers.dev.tests.registration.usualRegistration.usualClientRegistration.CredentialsValidationUsualClientRegistrationTest","registrationClientByInvalidEmail","Регистрация клиента с невалидным email: Убедиться, что при вводе невалидного email: user@sub!sub.com появляется ошибка: Поле E-Mail должно быть действительным электронным адресом.",""
"failed","Thu May 04 09:52:40 MSK 2023","Thu May 04 09:52:41 MSK 2023","407","","ru.gasworkers.dev.tests.apiTest.registration.regularClentRegistration.Parametrized2RegistrationStartApiTest","","ru.gasworkers.dev.tests.apiTest.registration.regularClentRegistration.Parametrized2RegistrationStartApiTest","testRegularStartRegistration","Регистрация пользователя Api кейс: {0} для роли: {1} с email: {2} и phone: {3} и isPhoneSend: {4} [10] 10, client, gwtest0405_0952_efimov@client.001, null, true",""
"passed","Thu May 04 10:00:06 MSK 2023","Thu May 04 10:00:12 MSK 2023","6275","","ru.gasworkers.dev.tests.registration.usualRegistration.usualClientRegistration.CredentialsValidationUsualClientRegistrationTest","","ru.gasworkers.dev.tests.registration.usualRegistration.usualClientRegistration.CredentialsValidationUsualClientRegistrationTest","registrationClientByInvalidEmail","Регистрация клиента с невалидным email: Убедиться, что при вводе невалидного email: user@sub'sub.com появляется ошибка: Поле E-Mail должно быть действительным электронным адресом.",""
"passed","Thu May 04 09:59:18 MSK 2023","Thu May 04 09:59:25 MSK 2023","6539","","ru.gasworkers.dev.tests.registration.usualRegistration.usualClientRegistration.CredentialsValidationUsualClientRegistrationTest","","ru.gasworkers.dev.tests.registration.usualRegistration.usualClientRegistration.CredentialsValidationUsualClientRegistrationTest","registrationClientByInvalidEmail","Регистрация клиента с невалидным email: Убедиться, что при вводе невалидного email: user@sub.sub."" появляется ошибка: Поле E-Mail должно быть действительным электронным адресом.",""
"failed","Thu May 04 09:52:39 MSK 2023","Thu May 04 09:52:39 MSK 2023","451","","ru.gasworkers.dev.tests.apiTest.registration.regularClentRegistration.Parametrized2RegistrationStartApiTest","","ru.gasworkers.dev.tests.apiTest.registration.regularClentRegistration.Parametrized2RegistrationStartApiTest","testRegularStartRegistration","Регистрация пользователя Api кейс: {0} для роли: {1} с email: {2} и phone: {3} и isPhoneSend: {4} [7] 7, client, , 70011639433, true",""
"passed","Thu May 04 10:00:19 MSK 2023","Thu May 04 10:00:27 MSK 2023","7266","","ru.gasworkers.dev.tests.registration.usualRegistration.usualClientRegistration.CredentialsValidationUsualClientRegistrationTest","","ru.gasworkers.dev.tests.registration.usualRegistration.usualClientRegistration.CredentialsValidationUsualClientRegistrationTest","registrationClientByInvalidEmail","Регистрация клиента с невалидным email: Убедиться, что при вводе невалидного email: user@sub*sub.com появляется ошибка: Поле E-Mail должно быть действительным электронным адресом.",""
"failed","Thu May 04 10:01:42 MSK 2023","Thu May 04 10:01:59 MSK 2023","16635","","ru.gasworkers.dev.tests.registration.usualRegistration.usualClientRegistration.CredentialsValidationUsualClientRegistrationTest","","ru.gasworkers.dev.tests.registration.usualRegistration.usualClientRegistration.CredentialsValidationUsualClientRegistrationTest","registrationClientByAcceptedEmail","Регистрация клиента с валидным email: Убедиться, что при вводе допустимого  email: user@example.c возможна регистрация",""
"failed","Thu May 04 09:52:45 MSK 2023","Thu May 04 09:52:46 MSK 2023","404","","ru.gasworkers.dev.tests.apiTest.registration.regularClentRegistration.Parametrized2RegistrationStartApiTest","","ru.gasworkers.dev.tests.apiTest.registration.regularClentRegistration.Parametrized2RegistrationStartApiTest","testRegularStartRegistration","Регистрация пользователя Api кейс: {0} для роли: {1} с email: {2} и phone: {3} и isPhoneSend: {4} [21] 21, client, , , null",""
"passed","Thu May 04 09:56:57 MSK 2023","Thu May 04 09:57:04 MSK 2023","7468","","ru.gasworkers.dev.tests.registration.usualRegistration.usualClientRegistration.CredentialsValidationUsualClientRegistrationTest","","ru.gasworkers.dev.tests.registration.usualRegistration.usualClientRegistration.CredentialsValidationUsualClientRegistrationTest","registrationClientByInvalidPhoneNumber","Регистрация клиента с невалидным номером телефона Убедиться, что при вводе невалидного номера телефона: 12345678A появляется ошибка: Введите корректный номер",""
"failed","Thu May 04 09:52:51 MSK 2023","Thu May 04 09:52:51 MSK 2023","423","","ru.gasworkers.dev.tests.apiTest.registration.regularClentRegistration.RegularEmailAndPhoneClientRegistrationApiTest","","ru.gasworkers.dev.tests.apiTest.registration.regularClentRegistration.RegularEmailAndPhoneClientRegistrationApiTest","clientRegistrationEmailAndPhoneFalseApiTest","Регистрация клиента Api (email, null, true)",""
"failed","Thu May 04 09:52:46 MSK 2023","Thu May 04 09:52:46 MSK 2023","388","","ru.gasworkers.dev.tests.apiTest.registration.regularClentRegistration.Parametrized2RegistrationStartApiTest","","ru.gasworkers.dev.tests.apiTest.registration.regularClentRegistration.Parametrized2RegistrationStartApiTest","testRegularStartRegistration","Регистрация пользователя Api кейс: {0} для роли: {1} с email: {2} и phone: {3} и isPhoneSend: {4} [22] 22, client, , 70017541471, true",""
"passed","Thu May 04 09:56:19 MSK 2023","Thu May 04 09:56:30 MSK 2023","10678","","ru.gasworkers.dev.tests.registration.usualRegistration.usualClientRegistration.CredentialsValidationUsualClientRegistrationTest","","ru.gasworkers.dev.tests.registration.usualRegistration.usualClientRegistration.CredentialsValidationUsualClientRegistrationTest","registrationClientByInvalidPhoneNumber","Регистрация клиента с невалидным номером телефона Убедиться, что при вводе невалидного номера телефона: 123 456 789 появляется ошибка: Введите корректный номер",""
"failed","Thu May 04 09:52:44 MSK 2023","Thu May 04 09:52:45 MSK 2023","423","","ru.gasworkers.dev.tests.apiTest.registration.regularClentRegistration.Parametrized2RegistrationStartApiTest","","ru.gasworkers.dev.tests.apiTest.registration.regularClentRegistration.Parametrized2RegistrationStartApiTest","testRegularStartRegistration","Регистрация пользователя Api кейс: {0} для роли: {1} с email: {2} и phone: {3} и isPhoneSend: {4} [19] 19, client, , , true",""
"passed","Thu May 04 09:58:35 MSK 2023","Thu May 04 09:58:45 MSK 2023","9539","","ru.gasworkers.dev.tests.registration.usualRegistration.usualClientRegistration.CredentialsValidationUsualClientRegistrationTest","","ru.gasworkers.dev.tests.registration.usualRegistration.usualClientRegistration.CredentialsValidationUsualClientRegistrationTest","registrationClientByInvalidEmail","Регистрация клиента с невалидным email: Убедиться, что при вводе невалидного email: user@example-.com появляется ошибка: Поле E-Mail должно быть действительным электронным адресом.",""
"passed","Thu May 04 09:59:31 MSK 2023","Thu May 04 09:59:37 MSK 2023","6191","","ru.gasworkers.dev.tests.registration.usualRegistration.usualClientRegistration.CredentialsValidationUsualClientRegistrationTest","","ru.gasworkers.dev.tests.registration.usualRegistration.usualClientRegistration.CredentialsValidationUsualClientRegistrationTest","registrationClientByInvalidEmail","Регистрация клиента с невалидным email: Убедиться, что при вводе невалидного email: user@sub-.com появляется ошибка: Поле E-Mail должно быть действительным электронным адресом.",""
"failed","Thu May 04 09:52:51 MSK 2023","Thu May 04 09:52:52 MSK 2023","415","","ru.gasworkers.dev.tests.apiTest.registration.regularClentRegistration.RegularEmailAndPhoneClientRegistrationApiTest","","ru.gasworkers.dev.tests.apiTest.registration.regularClentRegistration.RegularEmailAndPhoneClientRegistrationApiTest","clientRegistrationPhoneToEmailApiTest","Регистрация клиента Api (phone)",""
"failed","Thu May 04 09:52:48 MSK 2023","Thu May 04 09:52:48 MSK 2023","402","","ru.gasworkers.dev.tests.apiTest.registration.regularClentRegistration.Parametrized2RegistrationStartApiTest","","ru.gasworkers.dev.tests.apiTest.registration.regularClentRegistration.Parametrized2RegistrationStartApiTest","testRegularStartRegistration","Регистрация пользователя Api кейс: {0} для роли: {1} с email: {2} и phone: {3} и isPhoneSend: {4} [27] 27, client, , , null",""
"passed","Thu May 04 09:57:32 MSK 2023","Thu May 04 09:57:38 MSK 2023","6144","","ru.gasworkers.dev.tests.registration.usualRegistration.usualClientRegistration.CredentialsValidationUsualClientRegistrationTest","","ru.gasworkers.dev.tests.registration.usualRegistration.usualClientRegistration.CredentialsValidationUsualClientRegistrationTest","registrationClientByInvalidPhoneNumber","Регистрация клиента с невалидным номером телефона Убедиться, что при вводе невалидного номера телефона: +12-345-678 появляется ошибка: Введите корректный номер",""
"failed","Thu May 04 10:01:59 MSK 2023","Thu May 04 10:02:14 MSK 2023","15804","","ru.gasworkers.dev.tests.registration.usualRegistration.usualClientRegistration.CredentialsValidationUsualClientRegistrationTest","","ru.gasworkers.dev.tests.registration.usualRegistration.usualClientRegistration.CredentialsValidationUsualClientRegistrationTest","registrationClientByAcceptedEmail","Регистрация клиента с валидным email: Убедиться, что при вводе допустимого  email: user@sub.sub.sub.com возможна регистрация",""
"failed","Thu May 04 09:52:43 MSK 2023","Thu May 04 09:52:43 MSK 2023","432","","ru.gasworkers.dev.tests.apiTest.registration.regularClentRegistration.Parametrized2RegistrationStartApiTest","","ru.gasworkers.dev.tests.apiTest.registration.regularClentRegistration.Parametrized2RegistrationStartApiTest","testRegularStartRegistration","Регистрация пользователя Api кейс: {0} для роли: {1} с email: {2} и phone: {3} и isPhoneSend: {4} [15] 15, client, null, 70018836207, null",""
"passed","Thu May 04 09:55:52 MSK 2023","Thu May 04 09:55:58 MSK 2023","6187","","ru.gasworkers.dev.tests.registration.usualRegistration.usualClientRegistration.CredentialsValidationUsualClientRegistrationTest","","ru.gasworkers.dev.tests.registration.usualRegistration.usualClientRegistration.CredentialsValidationUsualClientRegistrationTest","registrationClientByInvalidPhoneNumber","Регистрация клиента с невалидным номером телефона Убедиться, что при вводе невалидного номера телефона: +123456789 появляется ошибка: Введите корректный номер",""
"failed","Thu May 04 09:52:48 MSK 2023","Thu May 04 09:52:49 MSK 2023","395","","ru.gasworkers.dev.tests.apiTest.registration.regularClentRegistration.Parametrized2RegistrationStartApiTest","","ru.gasworkers.dev.tests.apiTest.registration.regularClentRegistration.Parametrized2RegistrationStartApiTest","testRegularStartRegistration","Регистрация пользователя Api кейс: {0} для роли: {1} с email: {2} и phone: {3} и isPhoneSend: {4} [29] 29, client, , , null",""
"failed","Thu May 04 09:52:49 MSK 2023","Thu May 04 09:52:50 MSK 2023","406","","ru.gasworkers.dev.tests.apiTest.registration.regularClentRegistration.Parametrized2RegistrationStartApiTest","","ru.gasworkers.dev.tests.apiTest.registration.regularClentRegistration.Parametrized2RegistrationStartApiTest","testRegularStartRegistration","Регистрация пользователя Api кейс: {0} для роли: {1} с email: {2} и phone: {3} и isPhoneSend: {4} [31] 31, client, , , null",""
"passed","Thu May 04 09:58:23 MSK 2023","Thu May 04 09:58:29 MSK 2023","6041","","ru.gasworkers.dev.tests.registration.usualRegistration.usualClientRegistration.CredentialsValidationUsualClientRegistrationTest","","ru.gasworkers.dev.tests.registration.usualRegistration.usualClientRegistration.CredentialsValidationUsualClientRegistrationTest","registrationClientByInvalidEmail","Регистрация клиента с невалидным email: Убедиться, что при вводе невалидного email: user@example.. появляется ошибка: Поле E-Mail должно быть действительным электронным адресом.",""
"failed","Thu May 04 09:52:41 MSK 2023","Thu May 04 09:52:41 MSK 2023","467","","ru.gasworkers.dev.tests.apiTest.registration.regularClentRegistration.Parametrized2RegistrationStartApiTest","","ru.gasworkers.dev.tests.apiTest.registration.regularClentRegistration.Parametrized2RegistrationStartApiTest","testRegularStartRegistration","Регистрация пользователя Api кейс: {0} для роли: {1} с email: {2} и phone: {3} и isPhoneSend: {4} [11] 11, client, gwtest0405_0952_alekseev@client.001, null, false",""
"passed","Thu May 04 09:55:45 MSK 2023","Thu May 04 09:55:52 MSK 2023","6665","","ru.gasworkers.dev.tests.registration.usualRegistration.usualClientRegistration.CredentialsValidationUsualClientRegistrationTest","","ru.gasworkers.dev.tests.registration.usualRegistration.usualClientRegistration.CredentialsValidationUsualClientRegistrationTest","registrationClientByInvalidPhoneNumber","Регистрация клиента с невалидным номером телефона Убедиться, что при вводе невалидного номера телефона: 123456789 появляется ошибка: Введите корректный номер",""
"failed","Thu May 04 09:52:49 MSK 2023","Thu May 04 09:52:49 MSK 2023","396","","ru.gasworkers.dev.tests.apiTest.registration.regularClentRegistration.Parametrized2RegistrationStartApiTest","","ru.gasworkers.dev.tests.apiTest.registration.regularClentRegistration.Parametrized2RegistrationStartApiTest","testRegularStartRegistration","Регистрация пользователя Api кейс: {0} для роли: {1} с email: {2} и phone: {3} и isPhoneSend: {4} [30] 30, client, , 70014565612, null",""
"passed","Thu May 04 09:55:58 MSK 2023","Thu May 04 09:56:05 MSK 2023","6976","","ru.gasworkers.dev.tests.registration.usualRegistration.usualClientRegistration.CredentialsValidationUsualClientRegistrationTest","","ru.gasworkers.dev.tests.registration.usualRegistration.usualClientRegistration.CredentialsValidationUsualClientRegistrationTest","registrationClientByInvalidPhoneNumber","Регистрация клиента с невалидным номером телефона Убедиться, что при вводе невалидного номера телефона: 123-456-789 появляется ошибка: Введите корректный номер",""
"failed","Thu May 04 09:52:44 MSK 2023","Thu May 04 09:52:44 MSK 2023","398","","ru.gasworkers.dev.tests.apiTest.registration.regularClentRegistration.Parametrized2RegistrationStartApiTest","","ru.gasworkers.dev.tests.apiTest.registration.regularClentRegistration.Parametrized2RegistrationStartApiTest","testRegularStartRegistration","Регистрация пользователя Api кейс: {0} для роли: {1} с email: {2} и phone: {3} и isPhoneSend: {4} [17] 17, client, gwtest0405_0952_lebedev@client.001, , false",""
"passed","Thu May 04 09:57:19 MSK 2023","Thu May 04 09:57:25 MSK 2023","6392","","ru.gasworkers.dev.tests.registration.usualRegistration.usualClientRegistration.CredentialsValidationUsualClientRegistrationTest","","ru.gasworkers.dev.tests.registration.usualRegistration.usualClientRegistration.CredentialsValidationUsualClientRegistrationTest","registrationClientByInvalidPhoneNumber","Регистрация клиента с невалидным номером телефона Убедиться, что при вводе невалидного номера телефона: 12-345-678 появляется ошибка: Введите корректный номер",""
"passed","Thu May 04 09:59:58 MSK 2023","Thu May 04 10:00:06 MSK 2023","7776","","ru.gasworkers.dev.tests.registration.usualRegistration.usualClientRegistration.CredentialsValidationUsualClientRegistrationTest","","ru.gasworkers.dev.tests.registration.usualRegistration.usualClientRegistration.CredentialsValidationUsualClientRegistrationTest","registrationClientByInvalidEmail","Регистрация клиента с невалидным email: Убедиться, что при вводе невалидного email: user@sub:sub.com появляется ошибка: Поле E-Mail должно быть действительным электронным адресом.",""
"failed","Thu May 04 09:52:52 MSK 2023","Thu May 04 09:52:52 MSK 2023","401","","ru.gasworkers.dev.tests.apiTest.registration.regularClentRegistration.RegularEmailAndPhoneClientRegistrationApiTest","","ru.gasworkers.dev.tests.apiTest.registration.regularClentRegistration.RegularEmailAndPhoneClientRegistrationApiTest","clientRegistrationEmailOnlyApiTest","Регистрация клиента Api (email, true)",""
"failed","Thu May 04 09:52:41 MSK 2023","Thu May 04 09:52:42 MSK 2023","412","","ru.gasworkers.dev.tests.apiTest.registration.regularClentRegistration.Parametrized2RegistrationStartApiTest","","ru.gasworkers.dev.tests.apiTest.registration.regularClentRegistration.Parametrized2RegistrationStartApiTest","testRegularStartRegistration","Регистрация пользователя Api кейс: {0} для роли: {1} с email: {2} и phone: {3} и isPhoneSend: {4} [12] 12, client, gwtest0405_0952_borisova@client.001, null, null",""
"failed","Thu May 04 09:52:40 MSK 2023","Thu May 04 09:52:40 MSK 2023","422","","ru.gasworkers.dev.tests.apiTest.registration.regularClentRegistration.Parametrized2RegistrationStartApiTest","","ru.gasworkers.dev.tests.apiTest.registration.regularClentRegistration.Parametrized2RegistrationStartApiTest","testRegularStartRegistration","Регистрация пользователя Api кейс: {0} для роли: {1} с email: {2} и phone: {3} и isPhoneSend: {4} [9] 9, client, , 70011329796, null",""
"passed","Thu May 04 10:01:07 MSK 2023","Thu May 04 10:01:14 MSK 2023","6342","","ru.gasworkers.dev.tests.registration.usualRegistration.usualClientRegistration.CredentialsValidationUsualClientRegistrationTest","","ru.gasworkers.dev.tests.registration.usualRegistration.usualClientRegistration.CredentialsValidationUsualClientRegistrationTest","registrationClientByInvalidEmail","Регистрация клиента с невалидным email: Убедиться, что при вводе невалидного email: user@sub=sub.com появляется ошибка: Поле E-Mail должно быть действительным электронным адресом.",""
"passed","Thu May 04 09:58:29 MSK 2023","Thu May 04 09:58:35 MSK 2023","6550","","ru.gasworkers.dev.tests.registration.usualRegistration.usualClientRegistration.CredentialsValidationUsualClientRegistrationTest","","ru.gasworkers.dev.tests.registration.usualRegistration.usualClientRegistration.CredentialsValidationUsualClientRegistrationTest","registrationClientByInvalidEmail","Регистрация клиента с невалидным email: Убедиться, что при вводе невалидного email: user@.com появляется ошибка: Поле E-Mail должно быть действительным электронным адресом.",""
"failed","Thu May 04 09:52:43 MSK 2023","Thu May 04 09:52:44 MSK 2023","442","","ru.gasworkers.dev.tests.apiTest.registration.regularClentRegistration.Parametrized2RegistrationStartApiTest","","ru.gasworkers.dev.tests.apiTest.registration.regularClentRegistration.Parametrized2RegistrationStartApiTest","testRegularStartRegistration","Регистрация пользователя Api кейс: {0} для роли: {1} с email: {2} и phone: {3} и isPhoneSend: {4} [16] 16, client, gwtest0405_0952_veselov@client.001, , true",""
"failed","Thu May 04 09:52:42 MSK 2023","Thu May 04 09:52:42 MSK 2023","394","","ru.gasworkers.dev.tests.apiTest.registration.regularClentRegistration.Parametrized2RegistrationStartApiTest","","ru.gasworkers.dev.tests.apiTest.registration.regularClentRegistration.Parametrized2RegistrationStartApiTest","testRegularStartRegistration","Регистрация пользователя Api кейс: {0} для роли: {1} с email: {2} и phone: {3} и isPhoneSend: {4} [13] 13, client, null, 70018187426, true",""
"passed","Thu May 04 09:55:34 MSK 2023","Thu May 04 09:55:45 MSK 2023","11529","","ru.gasworkers.dev.tests.registration.usualRegistration.usualClientRegistration.CredentialsValidationUsualClientRegistrationTest","","ru.gasworkers.dev.tests.registration.usualRegistration.usualClientRegistration.CredentialsValidationUsualClientRegistrationTest","registrationClientByInvalidPhoneNumber","Регистрация клиента с невалидным номером телефона Убедиться, что при вводе невалидного номера телефона: 77777777777 появляется ошибка: Такое значение поля Номер телефона уже существует.",""
"passed","Thu May 04 09:59:37 MSK 2023","Thu May 04 09:59:45 MSK 2023","7975","","ru.gasworkers.dev.tests.registration.usualRegistration.usualClientRegistration.CredentialsValidationUsualClientRegistrationTest","","ru.gasworkers.dev.tests.registration.usualRegistration.usualClientRegistration.CredentialsValidationUsualClientRegistrationTest","registrationClientByInvalidEmail","Регистрация клиента с невалидным email: Убедиться, что при вводе невалидного email: user@sub_sub.com появляется ошибка: Поле E-Mail должно быть действительным электронным адресом.",""
"passed","Thu May 04 09:57:04 MSK 2023","Thu May 04 09:57:12 MSK 2023","7403","","ru.gasworkers.dev.tests.registration.usualRegistration.usualClientRegistration.CredentialsValidationUsualClientRegistrationTest","","ru.gasworkers.dev.tests.registration.usualRegistration.usualClientRegistration.CredentialsValidationUsualClientRegistrationTest","registrationClientByInvalidPhoneNumber","Регистрация клиента с невалидным номером телефона Убедиться, что при вводе невалидного номера телефона: A23456789 появляется ошибка: Введите корректный номер",""
"passed","Thu May 04 09:56:50 MSK 2023","Thu May 04 09:56:57 MSK 2023","6410","","ru.gasworkers.dev.tests.registration.usualRegistration.usualClientRegistration.CredentialsValidationUsualClientRegistrationTest","","ru.gasworkers.dev.tests.registration.usualRegistration.usualClientRegistration.CredentialsValidationUsualClientRegistrationTest","registrationClientByInvalidPhoneNumber","Регистрация клиента с невалидным номером телефона Убедиться, что при вводе невалидного номера телефона: (123)456-789 появляется ошибка: Введите корректный номер",""
"failed","Thu May 04 09:52:38 MSK 2023","Thu May 04 09:52:39 MSK 2023","415","","ru.gasworkers.dev.tests.apiTest.registration.regularClentRegistration.Parametrized2RegistrationStartApiTest","","ru.gasworkers.dev.tests.apiTest.registration.regularClentRegistration.Parametrized2RegistrationStartApiTest","testRegularStartRegistration","Регистрация пользователя Api кейс: {0} для роли: {1} с email: {2} и phone: {3} и isPhoneSend: {4} [5] 5, client, gwtest0405_0952_medvedev@client.001, , false",""
"passed","Thu May 04 10:00:59 MSK 2023","Thu May 04 10:01:07 MSK 2023","7760","","ru.gasworkers.dev.tests.registration.usualRegistration.usualClientRegistration.CredentialsValidationUsualClientRegistrationTest","","ru.gasworkers.dev.tests.registration.usualRegistration.usualClientRegistration.CredentialsValidationUsualClientRegistrationTest","registrationClientByInvalidEmail","Регистрация клиента с невалидным email: Убедиться, что при вводе невалидного email: user@sub}sub.com появляется ошибка: Поле E-Mail должно быть действительным электронным адресом.",""
"passed","Thu May 04 09:59:11 MSK 2023","Thu May 04 09:59:18 MSK 2023","7043","","ru.gasworkers.dev.tests.registration.usualRegistration.usualClientRegistration.CredentialsValidationUsualClientRegistrationTest","","ru.gasworkers.dev.tests.registration.usualRegistration.usualClientRegistration.CredentialsValidationUsualClientRegistrationTest","registrationClientByInvalidEmail","Регистрация клиента с невалидным email: Убедиться, что при вводе невалидного email: user@example.verylongdomainnameeeeeeeeeeeeeeeeeeeeeeeeeeeeeeeeeeeeeeeeeeeeeeeeeeeeee появляется ошибка: Поле E-Mail должно быть действительным электронным адресом.",""
"failed","Thu May 04 09:52:44 MSK 2023","Thu May 04 09:52:44 MSK 2023","414","","ru.gasworkers.dev.tests.apiTest.registration.regularClentRegistration.Parametrized2RegistrationStartApiTest","","ru.gasworkers.dev.tests.apiTest.registration.regularClentRegistration.Parametrized2RegistrationStartApiTest","testRegularStartRegistration","Регистрация пользователя Api кейс: {0} для роли: {1} с email: {2} и phone: {3} и isPhoneSend: {4} [18] 18, client, gwtest0405_0952_fokin@client.001, , null",""
"failed","Thu May 04 09:52:48 MSK 2023","Thu May 04 09:52:48 MSK 2023","411","","ru.gasworkers.dev.tests.apiTest.registration.regularClentRegistration.Parametrized2RegistrationStartApiTest","","ru.gasworkers.dev.tests.apiTest.registration.regularClentRegistration.Parametrized2RegistrationStartApiTest","testRegularStartRegistration","Регистрация пользователя Api кейс: {0} для роли: {1} с email: {2} и phone: {3} и isPhoneSend: {4} [28] 28, client, gwtest0405_0952_zajceva@client.001, , null",""
"passed","Thu May 04 09:58:45 MSK 2023","Thu May 04 09:58:57 MSK 2023","12759","","ru.gasworkers.dev.tests.registration.usualRegistration.usualClientRegistration.CredentialsValidationUsualClientRegistrationTest","","ru.gasworkers.dev.tests.registration.usualRegistration.usualClientRegistration.CredentialsValidationUsualClientRegistrationTest","registrationClientByInvalidEmail","Регистрация клиента с невалидным email: Убедиться, что при вводе невалидного email: user@-example.com появляется ошибка: Поле E-Mail должно быть действительным электронным адресом.",""
"passed","Thu May 04 09:57:25 MSK 2023","Thu May 04 09:57:32 MSK 2023","6866","","ru.gasworkers.dev.tests.registration.usualRegistration.usualClientRegistration.CredentialsValidationUsualClientRegistrationTest","","ru.gasworkers.dev.tests.registration.usualRegistration.usualClientRegistration.CredentialsValidationUsualClientRegistrationTest","registrationClientByInvalidPhoneNumber","Регистрация клиента с невалидным номером телефона Убедиться, что при вводе невалидного номера телефона: 12/345/678 появляется ошибка: Введите корректный номер",""
"failed","Thu May 04 09:52:46 MSK 2023","Thu May 04 09:52:47 MSK 2023","402","","ru.gasworkers.dev.tests.apiTest.registration.regularClentRegistration.Parametrized2RegistrationStartApiTest","","ru.gasworkers.dev.tests.apiTest.registration.regularClentRegistration.Parametrized2RegistrationStartApiTest","testRegularStartRegistration","Регистрация пользователя Api кейс: {0} для роли: {1} с email: {2} и phone: {3} и isPhoneSend: {4} [24] 24, client, , 70019957856, null",""
"passed","Thu May 04 09:57:12 MSK 2023","Thu May 04 09:57:19 MSK 2023","6953","","ru.gasworkers.dev.tests.registration.usualRegistration.usualClientRegistration.CredentialsValidationUsualClientRegistrationTest","","ru.gasworkers.dev.tests.registration.usualRegistration.usualClientRegistration.CredentialsValidationUsualClientRegistrationTest","registrationClientByInvalidPhoneNumber","Регистрация клиента с невалидным номером телефона Убедиться, что при вводе невалидного номера телефона: 12.345.678 появляется ошибка: Введите корректный номер",""
"failed","Thu May 04 09:52:46 MSK 2023","Thu May 04 09:52:46 MSK 2023","401","","ru.gasworkers.dev.tests.apiTest.registration.regularClentRegistration.Parametrized2RegistrationStartApiTest","","ru.gasworkers.dev.tests.apiTest.registration.regularClentRegistration.Parametrized2RegistrationStartApiTest","testRegularStartRegistration","Регистрация пользователя Api кейс: {0} для роли: {1} с email: {2} и phone: {3} и isPhoneSend: {4} [23] 23, client, , 70016567543, false",""
"failed","Thu May 04 10:02:14 MSK 2023","Thu May 04 10:02:33 MSK 2023","18415","","ru.gasworkers.dev.tests.registration.usualRegistration.usualClientRegistration.PasswordGeneratorUsualClientRegistrationTest","","ru.gasworkers.dev.tests.registration.usualRegistration.usualClientRegistration.PasswordGeneratorUsualClientRegistrationTest","registrationClientWithGeneratedPasswordByPhone","Регистрация со Сгенерированным паролем",""
"passed","Thu May 04 09:57:45 MSK 2023","Thu May 04 09:57:51 MSK 2023","6274","","ru.gasworkers.dev.tests.registration.usualRegistration.usualClientRegistration.CredentialsValidationUsualClientRegistrationTest","","ru.gasworkers.dev.tests.registration.usualRegistration.usualClientRegistration.CredentialsValidationUsualClientRegistrationTest","registrationClientByInvalidEmail","Регистрация клиента с невалидным email: Убедиться, что при вводе невалидного email: user@ появляется ошибка: Поле E-Mail должно быть действительным электронным адресом.",""
"failed","Thu May 04 09:52:37 MSK 2023","Thu May 04 09:52:37 MSK 2023","424","","ru.gasworkers.dev.tests.apiTest.registration.regularClentRegistration.Parametrized2RegistrationStartApiTest","","ru.gasworkers.dev.tests.apiTest.registration.regularClentRegistration.Parametrized2RegistrationStartApiTest","testRegularStartRegistration","Регистрация пользователя Api кейс: {0} для роли: {1} с email: {2} и phone: {3} и isPhoneSend: {4} [3] 3, client, gwtest0405_0952_makarova@client.001, 70012853505, null",""
"failed","Thu May 04 09:52:47 MSK 2023","Thu May 04 09:52:48 MSK 2023","415","","ru.gasworkers.dev.tests.apiTest.registration.regularClentRegistration.Parametrized2RegistrationStartApiTest","","ru.gasworkers.dev.tests.apiTest.registration.regularClentRegistration.Parametrized2RegistrationStartApiTest","testRegularStartRegistration","Регистрация пользователя Api кейс: {0} для роли: {1} с email: {2} и phone: {3} и isPhoneSend: {4} [26] 26, client, , , false",""
"failed","Thu May 04 09:52:37 MSK 2023","Thu May 04 09:52:38 MSK 2023","600","","ru.gasworkers.dev.tests.apiTest.registration.regularClentRegistration.Parametrized2RegistrationStartApiTest","","ru.gasworkers.dev.tests.apiTest.registration.regularClentRegistration.Parametrized2RegistrationStartApiTest","testRegularStartRegistration","Регистрация пользователя Api кейс: {0} для роли: {1} с email: {2} и phone: {3} и isPhoneSend: {4} [4] 4, client, gwtest0405_0952_kononova@client.001, , true",""
"passed","Thu May 04 10:00:53 MSK 2023","Thu May 04 10:00:59 MSK 2023","5955","","ru.gasworkers.dev.tests.registration.usualRegistration.usualClientRegistration.CredentialsValidationUsualClientRegistrationTest","","ru.gasworkers.dev.tests.registration.usualRegistration.usualClientRegistration.CredentialsValidationUsualClientRegistrationTest","registrationClientByInvalidEmail","Регистрация клиента с невалидным email: Убедиться, что при вводе невалидного email: user@sub{sub.com появляется ошибка: Поле E-Mail должно быть действительным электронным адресом.",""
"passed","Thu May 04 09:59:51 MSK 2023","Thu May 04 09:59:58 MSK 2023","6973","","ru.gasworkers.dev.tests.registration.usualRegistration.usualClientRegistration.CredentialsValidationUsualClientRegistrationTest","","ru.gasworkers.dev.tests.registration.usualRegistration.usualClientRegistration.CredentialsValidationUsualClientRegistrationTest","registrationClientByInvalidEmail","Регистрация клиента с невалидным email: Убедиться, что при вводе невалидного email: user@sub;sub.com появляется ошибка: Поле E-Mail должно быть действительным электронным адресом.",""
"passed","Thu May 04 09:57:38 MSK 2023","Thu May 04 09:57:44 MSK 2023","6511","","ru.gasworkers.dev.tests.registration.usualRegistration.usualClientRegistration.CredentialsValidationUsualClientRegistrationTest","","ru.gasworkers.dev.tests.registration.usualRegistration.usualClientRegistration.CredentialsValidationUsualClientRegistrationTest","registrationClientByInvalidEmail","Регистрация клиента с невалидным email: Убедиться, что при вводе невалидного email: user появляется ошибка: Поле E-Mail должно быть действительным электронным адресом.",""
"passed","Thu May 04 10:00:47 MSK 2023","Thu May 04 10:00:53 MSK 2023","6175","","ru.gasworkers.dev.tests.registration.usualRegistration.usualClientRegistration.CredentialsValidationUsualClientRegistrationTest","","ru.gasworkers.dev.tests.registration.usualRegistration.usualClientRegistration.CredentialsValidationUsualClientRegistrationTest","registrationClientByInvalidEmail","Регистрация клиента с невалидным email: Убедиться, что при вводе невалидного email: user@sub]sub.com появляется ошибка: Поле E-Mail должно быть действительным электронным адресом.",""
"passed","Thu May 04 09:59:04 MSK 2023","Thu May 04 09:59:11 MSK 2023","7265","","ru.gasworkers.dev.tests.registration.usualRegistration.usualClientRegistration.CredentialsValidationUsualClientRegistrationTest","","ru.gasworkers.dev.tests.registration.usualRegistration.usualClientRegistration.CredentialsValidationUsualClientRegistrationTest","registrationClientByInvalidEmail","Регистрация клиента с невалидным email: Убедиться, что при вводе невалидного email: user@verylongdomainnameeeeeeeeeeeeeeeeeeeeeeeeeeeeeeeeeeeeeeeeeeeeeeeeeeeeee.com появляется ошибка: Поле E-Mail должно быть действительным электронным адресом.",""
"passed","Thu May 04 09:57:51 MSK 2023","Thu May 04 09:57:57 MSK 2023","6486","","ru.gasworkers.dev.tests.registration.usualRegistration.usualClientRegistration.CredentialsValidationUsualClientRegistrationTest","","ru.gasworkers.dev.tests.registration.usualRegistration.usualClientRegistration.CredentialsValidationUsualClientRegistrationTest","registrationClientByInvalidEmail","Регистрация клиента с невалидным email: Убедиться, что при вводе невалидного email: user@example появляется ошибка: Поле E-Mail   должно быть действительным электронным адресом.",""
"passed","Thu May 04 09:59:25 MSK 2023","Thu May 04 09:59:31 MSK 2023","5960","","ru.gasworkers.dev.tests.registration.usualRegistration.usualClientRegistration.CredentialsValidationUsualClientRegistrationTest","","ru.gasworkers.dev.tests.registration.usualRegistration.usualClientRegistration.CredentialsValidationUsualClientRegistrationTest","registrationClientByInvalidEmail","Регистрация клиента с невалидным email: Убедиться, что при вводе невалидного email: user@sub..sub.com"" появляется ошибка: Поле E-Mail должно быть действительным электронным адресом.",""
"passed","Thu May 04 09:56:43 MSK 2023","Thu May 04 09:56:50 MSK 2023","7242","","ru.gasworkers.dev.tests.registration.usualRegistration.usualClientRegistration.CredentialsValidationUsualClientRegistrationTest","","ru.gasworkers.dev.tests.registration.usualRegistration.usualClientRegistration.CredentialsValidationUsualClientRegistrationTest","registrationClientByInvalidPhoneNumber","Регистрация клиента с невалидным номером телефона Убедиться, что при вводе невалидного номера телефона: 123:456:789 появляется ошибка: Введите корректный номер",""
"passed","Thu May 04 09:58:10 MSK 2023","Thu May 04 09:58:16 MSK 2023","6270","","ru.gasworkers.dev.tests.registration.usualRegistration.usualClientRegistration.CredentialsValidationUsualClientRegistrationTest","","ru.gasworkers.dev.tests.registration.usualRegistration.usualClientRegistration.CredentialsValidationUsualClientRegistrationTest","registrationClientByInvalidEmail","Регистрация клиента с невалидным email: Убедиться, что при вводе невалидного email: user@-example. появляется ошибка: Поле E-Mail должно быть действительным электронным адресом.",""
"passed","Thu May 04 09:56:05 MSK 2023","Thu May 04 09:56:12 MSK 2023","7004","","ru.gasworkers.dev.tests.registration.usualRegistration.usualClientRegistration.CredentialsValidationUsualClientRegistrationTest","","ru.gasworkers.dev.tests.registration.usualRegistration.usualClientRegistration.CredentialsValidationUsualClientRegistrationTest","registrationClientByInvalidPhoneNumber","Регистрация клиента с невалидным номером телефона Убедиться, что при вводе невалидного номера телефона: 123.456.789 появляется ошибка: Введите корректный номер",""
"failed","Thu May 04 09:52:42 MSK 2023","Thu May 04 09:52:43 MSK 2023","696","","ru.gasworkers.dev.tests.apiTest.registration.regularClentRegistration.Parametrized2RegistrationStartApiTest","","ru.gasworkers.dev.tests.apiTest.registration.regularClentRegistration.Parametrized2RegistrationStartApiTest","testRegularStartRegistration","Регистрация пользователя Api кейс: {0} для роли: {1} с email: {2} и phone: {3} и isPhoneSend: {4} [14] 14, client, null, 70017223515, false",""
"passed","Thu May 04 10:01:14 MSK 2023","Thu May 04 10:01:20 MSK 2023","6708","","ru.gasworkers.dev.tests.registration.usualRegistration.usualClientRegistration.CredentialsValidationUsualClientRegistrationTest","","ru.gasworkers.dev.tests.registration.usualRegistration.usualClientRegistration.CredentialsValidationUsualClientRegistrationTest","registrationClientByInvalidEmail","Регистрация клиента с невалидным email: Убедиться, что при вводе невалидного email: user@sub+sub.com появляется ошибка: Поле E-Mail должно быть действительным электронным адресом.",""
"passed","Thu May 04 09:56:36 MSK 2023","Thu May 04 09:56:43 MSK 2023","6516","","ru.gasworkers.dev.tests.registration.usualRegistration.usualClientRegistration.CredentialsValidationUsualClientRegistrationTest","","ru.gasworkers.dev.tests.registration.usualRegistration.usualClientRegistration.CredentialsValidationUsualClientRegistrationTest","registrationClientByInvalidPhoneNumber","Регистрация клиента с невалидным номером телефона Убедиться, что при вводе невалидного номера телефона: 123;456;789 появляется ошибка: Введите корректный номер",""
"passed","Thu May 04 09:56:12 MSK 2023","Thu May 04 09:56:19 MSK 2023","6980","","ru.gasworkers.dev.tests.registration.usualRegistration.usualClientRegistration.CredentialsValidationUsualClientRegistrationTest","","ru.gasworkers.dev.tests.registration.usualRegistration.usualClientRegistration.CredentialsValidationUsualClientRegistrationTest","registrationClientByInvalidPhoneNumber","Регистрация клиента с невалидным номером телефона Убедиться, что при вводе невалидного номера телефона: 123/456/789 появляется ошибка: Введите корректный номер",""
"failed","Thu May 04 09:52:39 MSK 2023","Thu May 04 09:52:40 MSK 2023","409","","ru.gasworkers.dev.tests.apiTest.registration.regularClentRegistration.Parametrized2RegistrationStartApiTest","","ru.gasworkers.dev.tests.apiTest.registration.regularClentRegistration.Parametrized2RegistrationStartApiTest","testRegularStartRegistration","Регистрация пользователя Api кейс: {0} для роли: {1} с email: {2} и phone: {3} и isPhoneSend: {4} [8] 8, client, , 70017580726, false",""
"passed","Thu May 04 09:55:12 MSK 2023","Thu May 04 09:55:34 MSK 2023","21975","","ru.gasworkers.dev.tests.registration.usualRegistration.usualClientRegistration.ByPhoneUsualClientRegistrationTest","","ru.gasworkers.dev.tests.registration.usualRegistration.usualClientRegistration.ByPhoneUsualClientRegistrationTest","registrationClientByPhone","Регистрация клиента по телефону и проверка состояния кабинета",""
"failed","Thu May 04 09:52:37 MSK 2023","Thu May 04 09:52:37 MSK 2023","506","","ru.gasworkers.dev.tests.apiTest.registration.regularClentRegistration.Parametrized2RegistrationStartApiTest","","ru.gasworkers.dev.tests.apiTest.registration.regularClentRegistration.Parametrized2RegistrationStartApiTest","testRegularStartRegistration","Регистрация пользователя Api кейс: {0} для роли: {1} с email: {2} и phone: {3} и isPhoneSend: {4} [2] 2, client, gwtest0405_0952_burova@client.001, 70017165031, false",""
"failed","Thu May 04 09:52:52 MSK 2023","Thu May 04 09:52:52 MSK 2023","468","","ru.gasworkers.dev.tests.apiTest.registration.regularClentRegistration.RegularEmailAndPhoneClientRegistrationApiTest","","ru.gasworkers.dev.tests.apiTest.registration.regularClentRegistration.RegularEmailAndPhoneClientRegistrationApiTest","clientRegistrationEmailApiTest","Регистрация клиента Api (email, '', true)",""
"passed","Thu May 04 09:54:50 MSK 2023","Thu May 04 09:55:12 MSK 2023","21359","","ru.gasworkers.dev.tests.registration.usualRegistration.usualClientRegistration.ByEmailUsualClientRegistrationTest","","ru.gasworkers.dev.tests.registration.usualRegistration.usualClientRegistration.ByEmailUsualClientRegistrationTest","registrationClientByEmail","Регистрация клиента по email и проверка состояния кабинета",""
"passed","Thu May 04 09:57:57 MSK 2023","Thu May 04 09:58:10 MSK 2023","12431","","ru.gasworkers.dev.tests.registration.usualRegistration.usualClientRegistration.CredentialsValidationUsualClientRegistrationTest","","ru.gasworkers.dev.tests.registration.usualRegistration.usualClientRegistration.CredentialsValidationUsualClientRegistrationTest","registrationClientByInvalidEmail","Регистрация клиента с невалидным email: Убедиться, что при вводе невалидного email: user@example. появляется ошибка: Поле E-Mail должно быть действительным электронным адресом.",""
"skipped","Thu May 04 09:53:05 MSK 2023","Thu May 04 09:53:05 MSK 2023","0","","ru.gasworkers.dev.tests.client.newClient.UsualRegistrationAndCreatingFirstObjectClientTest","","ru.gasworkers.dev.tests.client.newClient.UsualRegistrationAndCreatingFirstObjectClientTest","registrationClientInitialGuideDialogCreate","Регистрация - гид  -  создание объекта",""
"passed","Thu May 04 10:00:33 MSK 2023","Thu May 04 10:00:39 MSK 2023","6377","","ru.gasworkers.dev.tests.registration.usualRegistration.usualClientRegistration.CredentialsValidationUsualClientRegistrationTest","","ru.gasworkers.dev.tests.registration.usualRegistration.usualClientRegistration.CredentialsValidationUsualClientRegistrationTest","registrationClientByInvalidEmail","Регистрация клиента с невалидным email: Убедиться, что при вводе невалидного email: user@sub)sub.com появляется ошибка: Поле E-Mail должно быть действительным электронным адресом.",""
"failed","Thu May 04 09:52:53 MSK 2023","Thu May 04 09:52:53 MSK 2023","388","","ru.gasworkers.dev.tests.apiTest.registration.regularClentRegistration.RegularEmailAndPhoneClientRegistrationApiTest","","ru.gasworkers.dev.tests.apiTest.registration.regularClentRegistration.RegularEmailAndPhoneClientRegistrationApiTest","clientRegistrationEmailAndPhoneApiTest","Регистрация клиента Api (email, phone, true)",""
"passed","Thu May 04 10:00:12 MSK 2023","Thu May 04 10:00:19 MSK 2023","6987","","ru.gasworkers.dev.tests.registration.usualRegistration.usualClientRegistration.CredentialsValidationUsualClientRegistrationTest","","ru.gasworkers.dev.tests.registration.usualRegistration.usualClientRegistration.CredentialsValidationUsualClientRegistrationTest","registrationClientByInvalidEmail","Регистрация клиента с невалидным email: Убедиться, что при вводе невалидного email: user@sub?sub.com появляется ошибка: Поле E-Mail должно быть действительным электронным адресом.",""
"passed","Thu May 04 09:58:16 MSK 2023","Thu May 04 09:58:23 MSK 2023","6542","","ru.gasworkers.dev.tests.registration.usualRegistration.usualClientRegistration.CredentialsValidationUsualClientRegistrationTest","","ru.gasworkers.dev.tests.registration.usualRegistration.usualClientRegistration.CredentialsValidationUsualClientRegistrationTest","registrationClientByInvalidEmail","Регистрация клиента с невалидным email: Убедиться, что при вводе невалидного email: user@example-. появляется ошибка: Поле E-Mail должно быть действительным электронным адресом.",""
"failed","Thu May 04 09:54:14 MSK 2023","Thu May 04 09:54:50 MSK 2023","36636","","ru.gasworkers.dev.tests.registration.bgClientRegistration.VideoBGRegistrationTest","","ru.gasworkers.dev.tests.registration.bgClientRegistration.VideoBGRegistrationTest","bgRegistrationNowVideo","Фоновая Регистрация на Видео Сейчас с указанием телефона и почты на сегодняшнюю дату с одним оборудованием",""
"passed","Thu May 04 10:00:39 MSK 2023","Thu May 04 10:00:47 MSK 2023","8092","","ru.gasworkers.dev.tests.registration.usualRegistration.usualClientRegistration.CredentialsValidationUsualClientRegistrationTest","","ru.gasworkers.dev.tests.registration.usualRegistration.usualClientRegistration.CredentialsValidationUsualClientRegistrationTest","registrationClientByInvalidEmail","Регистрация клиента с невалидным email: Убедиться, что при вводе невалидного email: user@sub[sub.com появляется ошибка: Поле E-Mail должно быть действительным электронным адресом.",""
"failed","Thu May 04 09:52:33 MSK 2023","Thu May 04 09:52:36 MSK 2023","2864","","ru.gasworkers.dev.tests.apiTest.registration.regularClentRegistration.Parametrized2RegistrationStartApiTest","","ru.gasworkers.dev.tests.apiTest.registration.regularClentRegistration.Parametrized2RegistrationStartApiTest","testRegularStartRegistration","Регистрация пользователя Api кейс: {0} для роли: {1} с email: {2} и phone: {3} и isPhoneSend: {4} [1] 1, client, gwtest0405_0952_markova@client.001, 70019247495, true",""
"failed","Thu May 04 09:52:52 MSK 2023","Thu May 04 09:52:53 MSK 2023","414","","ru.gasworkers.dev.tests.apiTest.registration.regularClentRegistration.RegularEmailAndPhoneClientRegistrationApiTest","","ru.gasworkers.dev.tests.apiTest.registration.regularClentRegistration.RegularEmailAndPhoneClientRegistrationApiTest","clientRegistrationEmailAndPhoneNullApiTest","Регистрация клиента Api ('', phone, true)",""
"failed","Thu May 04 10:02:33 MSK 2023","Thu May 04 10:02:49 MSK 2023","15800","","ru.gasworkers.dev.tests.registration.usualRegistration.usualSelfEmployedRegistration.SelfEmployedRegistrationApiTest","","ru.gasworkers.dev.tests.registration.usualRegistration.usualSelfEmployedRegistration.SelfEmployedRegistrationApiTest","byPhoneSEMemberRegistrationTest","Регистрация СМЗ в СК",""
"passed","Thu May 04 09:56:30 MSK 2023","Thu May 04 09:56:36 MSK 2023","6783","","ru.gasworkers.dev.tests.registration.usualRegistration.usualClientRegistration.CredentialsValidationUsualClientRegistrationTest","","ru.gasworkers.dev.tests.registration.usualRegistration.usualClientRegistration.CredentialsValidationUsualClientRegistrationTest","registrationClientByInvalidPhoneNumber","Регистрация клиента с невалидным номером телефона Убедиться, что при вводе невалидного номера телефона: 123,456,789 появляется ошибка: Введите корректный номер",""
"passed","Thu May 04 09:53:39 MSK 2023","Thu May 04 09:54:14 MSK 2023","34495","","ru.gasworkers.dev.tests.registration.bgClientRegistration.RepairBGRegistrationTest","","ru.gasworkers.dev.tests.registration.bgClientRegistration.RepairBGRegistrationTest","bgRegistrationPhoneRepair","Фоновая Регистрация на Ремонт с указанием телефона и почты",""
"passed","Thu May 04 09:59:45 MSK 2023","Thu May 04 09:59:51 MSK 2023","6104","","ru.gasworkers.dev.tests.registration.usualRegistration.usualClientRegistration.CredentialsValidationUsualClientRegistrationTest","","ru.gasworkers.dev.tests.registration.usualRegistration.usualClientRegistration.CredentialsValidationUsualClientRegistrationTest","registrationClientByInvalidEmail","Регистрация клиента с невалидным email: Убедиться, что при вводе невалидного email: user@sub sub.com появляется ошибка: Поле E-Mail должно быть действительным электронным адресом.",""
"passed","Thu May 04 09:52:53 MSK 2023","Thu May 04 09:53:05 MSK 2023","11332","","ru.gasworkers.dev.tests.apiTest.registration.throughClientRegistration.MaintenanceThroughClientRegistrationApiTest","","ru.gasworkers.dev.tests.apiTest.registration.throughClientRegistration.MaintenanceThroughClientRegistrationApiTest","throughMaintenanceClientRegistration","Through Client Registration API for Maintenance with Phone and Email",""
"failed","Thu May 04 09:52:39 MSK 2023","Thu May 04 09:52:39 MSK 2023","419","","ru.gasworkers.dev.tests.apiTest.registration.regularClentRegistration.Parametrized2RegistrationStartApiTest","","ru.gasworkers.dev.tests.apiTest.registration.regularClentRegistration.Parametrized2RegistrationStartApiTest","testRegularStartRegistration","Регистрация пользователя Api кейс: {0} для роли: {1} с email: {2} и phone: {3} и isPhoneSend: {4} [6] 6, client, gwtest0405_0952_gordeev@client.001, , null",""
"failed","Thu May 04 09:52:47 MSK 2023","Thu May 04 09:52:47 MSK 2023","400","","ru.gasworkers.dev.tests.apiTest.registration.regularClentRegistration.Parametrized2RegistrationStartApiTest","","ru.gasworkers.dev.tests.apiTest.registration.regularClentRegistration.Parametrized2RegistrationStartApiTest","testRegularStartRegistration","Регистрация пользователя Api кейс: {0} для роли: {1} с email: {2} и phone: {3} и isPhoneSend: {4} [25] 25, client, , , true",""
"passed","Thu May 04 10:01:20 MSK 2023","Thu May 04 10:01:26 MSK 2023","6138","","ru.gasworkers.dev.tests.registration.usualRegistration.usualClientRegistration.CredentialsValidationUsualClientRegistrationTest","","ru.gasworkers.dev.tests.registration.usualRegistration.usualClientRegistration.CredentialsValidationUsualClientRegistrationTest","registrationClientByInvalidEmail","Регистрация клиента с невалидным email: Убедиться, что при вводе невалидного email: user@sub$sub.com появляется ошибка: Поле E-Mail должно быть действительным электронным адресом.",""
"failed","Thu May 04 09:52:45 MSK 2023","Thu May 04 09:52:45 MSK 2023","419","","ru.gasworkers.dev.tests.apiTest.registration.regularClentRegistration.Parametrized2RegistrationStartApiTest","","ru.gasworkers.dev.tests.apiTest.registration.regularClentRegistration.Parametrized2RegistrationStartApiTest","testRegularStartRegistration","Регистрация пользователя Api кейс: {0} для роли: {1} с email: {2} и phone: {3} и isPhoneSend: {4} [20] 20, client, , , false",""
"passed","Thu May 04 10:00:27 MSK 2023","Thu May 04 10:00:33 MSK 2023","6169","","ru.gasworkers.dev.tests.registration.usualRegistration.usualClientRegistration.CredentialsValidationUsualClientRegistrationTest","","ru.gasworkers.dev.tests.registration.usualRegistration.usualClientRegistration.CredentialsValidationUsualClientRegistrationTest","registrationClientByInvalidEmail","Регистрация клиента с невалидным email: Убедиться, что при вводе невалидного email: user@sub(sub.com появляется ошибка: Поле E-Mail должно быть действительным электронным адресом.",""
"failed","Thu May 04 09:52:50 MSK 2023","Thu May 04 09:52:50 MSK 2023","392","","ru.gasworkers.dev.tests.apiTest.registration.regularClentRegistration.Parametrized2RegistrationStartApiTest","","ru.gasworkers.dev.tests.apiTest.registration.regularClentRegistration.Parametrized2RegistrationStartApiTest","testRegularStartRegistration","Регистрация пользователя Api кейс: {0} для роли: {1} с email: {2} и phone: {3} и isPhoneSend: {4} [32] 32, client, , , null",""
"skipped","Thu May 04 09:53:05 MSK 2023","Thu May 04 09:53:05 MSK 2023","0","","ru.gasworkers.dev.tests.apiTest.registration.throughClientRegistration.RepairThroughClientRegistrationApiTest","","ru.gasworkers.dev.tests.apiTest.registration.throughClientRegistration.RepairThroughClientRegistrationApiTest","throughRepairClientRegistration","Фоновая Регистрация клиента Api на ремонт с указанием телефона, почты и дополнительных полей",""
"passed","Thu May 04 09:58:57 MSK 2023","Thu May 04 09:59:04 MSK 2023","6661","","ru.gasworkers.dev.tests.registration.usualRegistration.usualClientRegistration.CredentialsValidationUsualClientRegistrationTest","","ru.gasworkers.dev.tests.registration.usualRegistration.usualClientRegistration.CredentialsValidationUsualClientRegistrationTest","registrationClientByInvalidEmail","Регистрация клиента с невалидным email: Убедиться, что при вводе невалидного email: user@example..com появляется ошибка: Поле E-Mail должно быть действительным электронным адресом.",""
"failed","Thu May 04 09:52:50 MSK 2023","Thu May 04 09:52:51 MSK 2023","612","","ru.gasworkers.dev.tests.apiTest.registration.regularClentRegistration.RegularEmailAndPhoneClientRegistrationApiTest","","ru.gasworkers.dev.tests.apiTest.registration.regularClentRegistration.RegularEmailAndPhoneClientRegistrationApiTest","clientRegistrationPhoneApiTest","Регистрация клиента Api (null, phone, true)",""
